{
    "bus_routes" : [
  {
    "route_id": "0-1-b12-1",
    "agency_id": 978,
    "route_short_name": 1,
    "route_long_name": "Strand Road - Shanard Avenue",
    "route_type": 3
  },
  {
    "route_id": "0-102-b12-1",
    "agency_id": 978,
    "route_short_name": 102,
    "route_long_name": "Bus Interchange - DART Station",
    "route_type": 3
  },
  {
    "route_id": "0-104-b12-1",
    "agency_id": 978,
    "route_short_name": 104,
    "route_long_name": "Shanard Avenue - Bus Garage",
    "route_type": 3
  },
  {
    "route_id": "0-11-b12-1",
    "agency_id": 978,
    "route_short_name": 11,
    "route_long_name": "Corrig Road - St. Pappin's Green",
    "route_type": 3
  },
  {
    "route_id": "0-111-b12-1",
    "agency_id": 978,
    "route_short_name": 111,
    "route_long_name": "Train Station - Loughlinstown Wood",
    "route_type": 3
  },
  {
    "route_id": "0-114-b12-1",
    "agency_id": 978,
    "route_short_name": 114,
    "route_long_name": "Train Station - Simons Ridge",
    "route_type": 3
  },
  {
    "route_id": "0-116-b12-1",
    "agency_id": 978,
    "route_short_name": 116,
    "route_long_name": "Lady of Good Council - Cholaiste Mhuire",
    "route_type": 3
  },
  {
    "route_id": "0-118-b12-1",
    "agency_id": 978,
    "route_short_name": 118,
    "route_long_name": "Ballycorus Rd - D'Olier Street Junction Burgh Quay (Stop",
    "route_type": 3
  },
  {
    "route_id": "0-120-b12-1",
    "agency_id": 978,
    "route_short_name": 120,
    "route_long_name": "Rathbourne Way - Elgin Road",
    "route_type": 3
  },
  {
    "route_id": "0-122-b12-1",
    "agency_id": 978,
    "route_short_name": 122,
    "route_long_name": "Crumlin Hospital - Abbey Drive",
    "route_type": 3
  },
  {
    "route_id": "0-123-b12-1",
    "agency_id": 978,
    "route_short_name": 123,
    "route_long_name": "Ard Scoil Ris - Walkinstown Road",
    "route_type": 3
  },
  {
    "route_id": "0-13-b12-1",
    "agency_id": 978,
    "route_short_name": 13,
    "route_long_name": "Business Park - Bus Garage",
    "route_type": 3
  },
  {
    "route_id": "0-130-b12-1",
    "agency_id": 978,
    "route_short_name": 130,
    "route_long_name": "Clontarf Castle - Abbey Theatre",
    "route_type": 3
  },
  {
    "route_id": "0-14-b12-1",
    "agency_id": 978,
    "route_short_name": 14,
    "route_long_name": "Hearse Road - Kilmore Road",
    "route_type": 3
  },
  {
    "route_id": "0-140-b12-1",
    "agency_id": 978,
    "route_short_name": 140,
    "route_long_name": "Palmerston Villas - St. Margaret's Rd",
    "route_type": 3
  },
  {
    "route_id": "0-142-b12-1",
    "agency_id": 978,
    "route_short_name": 142,
    "route_long_name": "Wendell Avenue - Palmerston Villas",
    "route_type": 3
  },
  {
    "route_id": "0-145-b12-1",
    "agency_id": 978,
    "route_short_name": 145,
    "route_long_name": "Rock Valley - Heuston Station",
    "route_type": 3
  },
  {
    "route_id": "0-14C-b12-1",
    "agency_id": 978,
    "route_short_name": "14C",
    "route_long_name": "Hearse Road - Junction Malborough Street (Stop EE)",
    "route_type": 3
  },
  {
    "route_id": "0-15-b12-1",
    "agency_id": 978,
    "route_short_name": 15,
    "route_long_name": "Hunter's Avenue - Park and Ride",
    "route_type": 3
  },
  {
    "route_id": "0-150-b12-1",
    "agency_id": 978,
    "route_short_name": 150,
    "route_long_name": "Church - Central Bank",
    "route_type": 3
  },
  {
    "route_id": "0-151-b12-1",
    "agency_id": 978,
    "route_short_name": 151,
    "route_long_name": "Foxborough - Bargy Rd",
    "route_type": 3
  },
  {
    "route_id": "0-15A-b12-1",
    "agency_id": 978,
    "route_short_name": "15A",
    "route_long_name": "Limekiln Road - Sir John Rogerson's Qy",
    "route_type": 3
  },
  {
    "route_id": "0-15B-b12-1",
    "agency_id": 978,
    "route_short_name": "15B",
    "route_long_name": "Stocking Avenue Opposite Dalriada Estate - Sir John Rogerson's Qy",
    "route_type": 3
  },
  {
    "route_id": "0-16-b12-1",
    "agency_id": 978,
    "route_short_name": 16,
    "route_long_name": "Stone Masons Way - Bus Interchange",
    "route_type": 3
  },
  {
    "route_id": "0-161-b12-1",
    "agency_id": 978,
    "route_short_name": 161,
    "route_long_name": "Rockbrook Park School - Luas Station",
    "route_type": 3
  },
  {
    "route_id": "0-16C-b12-1",
    "agency_id": 978,
    "route_short_name": "16C",
    "route_long_name": "Stone Masons Way - St. Martin's Chapel",
    "route_type": 3
  },
  {
    "route_id": "0-17-b12-1",
    "agency_id": 978,
    "route_short_name": 17,
    "route_long_name": "Train Station - Anthony's Road",
    "route_type": 3
  },
  {
    "route_id": "0-17A-b12-1",
    "agency_id": 978,
    "route_short_name": "17A",
    "route_long_name": "Naomh Barrog GAA Club - Blanchardstown",
    "route_type": 3
  },
  {
    "route_id": "0-18-b12-1",
    "agency_id": 978,
    "route_short_name": 18,
    "route_long_name": "Strand Road - Hollyville Lawn",
    "route_type": 3
  },
  {
    "route_id": "0-184-b12-1",
    "agency_id": 978,
    "route_short_name": 184,
    "route_long_name": "Newcastle Hospital - Rail Station",
    "route_type": 3
  },
  {
    "route_id": "0-185-b12-1",
    "agency_id": 978,
    "route_short_name": 185,
    "route_long_name": "Enniskerry Golf Club - Rail Station",
    "route_type": 3
  },
  {
    "route_id": "0-220-b12-1",
    "agency_id": 978,
    "route_short_name": 220,
    "route_long_name": "FÁS Centre - Shangan Crescent",
    "route_type": 3
  },
  {
    "route_id": "0-236-b12-1",
    "agency_id": 978,
    "route_short_name": 236,
    "route_long_name": "Blanchardstown - Blanchardstown",
    "route_type": 3
  },
  {
    "route_id": "0-238-b12-1",
    "agency_id": 978,
    "route_short_name": 238,
    "route_long_name": "FÁS Centre - Carlton Hotel",
    "route_type": 3
  },
  {
    "route_id": "0-239-b12-1",
    "agency_id": 978,
    "route_short_name": 239,
    "route_long_name": "Liffey Valley Shop Cen - Blanchardstown",
    "route_type": 3
  },
  {
    "route_id": "0-25-b12-1",
    "agency_id": 978,
    "route_short_name": 25,
    "route_long_name": "Meadowview Grove - Junction Merrion Square West",
    "route_type": 3
  },
  {
    "route_id": "0-25A-b12-1",
    "agency_id": 978,
    "route_short_name": "25A",
    "route_long_name": "Esker Drive - Junction Merrion Square West",
    "route_type": 3
  },
  {
    "route_id": "0-25B-b12-1",
    "agency_id": 978,
    "route_short_name": "25B",
    "route_long_name": "Rail Station - Junction Merrion Square West",
    "route_type": 3
  },
  {
    "route_id": "0-25X-b12-1",
    "agency_id": 978,
    "route_short_name": "25X",
    "route_long_name": "Kew Park - University College Dublin",
    "route_type": 3
  },
  {
    "route_id": "0-26-b12-1",
    "agency_id": 978,
    "route_short_name": 26,
    "route_long_name": "Palmerstown Cemetery - Junction Merrion Square West",
    "route_type": 3
  },
  {
    "route_id": "0-27-b12-1",
    "agency_id": 978,
    "route_short_name": 27,
    "route_long_name": "Cloonmore Drive - Clare Hall Estate",
    "route_type": 3
  },
  {
    "route_id": "0-270-b12-1",
    "agency_id": 978,
    "route_short_name": 270,
    "route_long_name": "Navan Road - Blanchardstown",
    "route_type": 3
  },
  {
    "route_id": "0-27A-b12-1",
    "agency_id": 978,
    "route_short_name": "27A",
    "route_long_name": "GAA Sports Ground - Abbey Theatre",
    "route_type": 3
  },
  {
    "route_id": "0-27B-b12-1",
    "agency_id": 978,
    "route_short_name": "27B",
    "route_long_name": "Bus Garage - Abbey Theatre",
    "route_type": 3
  },
  {
    "route_id": "0-27X-b12-1",
    "agency_id": 978,
    "route_short_name": "27X",
    "route_long_name": "Clare Hall Estate - University College Dublin",
    "route_type": 3
  },
  {
    "route_id": "0-29A-b12-1",
    "agency_id": 978,
    "route_short_name": "29A",
    "route_long_name": "Willie Nolan Road - Abbey Theatre",
    "route_type": 3
  },
  {
    "route_id": "0-31-b12-1",
    "agency_id": 978,
    "route_short_name": 31,
    "route_long_name": "Howth Summit - Abbey Theatre",
    "route_type": 3
  },
  {
    "route_id": "0-31A-b12-1",
    "agency_id": 978,
    "route_short_name": "31A",
    "route_long_name": "Sutton Castle - Abbey Theatre",
    "route_type": 3
  },
  {
    "route_id": "0-31B-b12-1",
    "agency_id": 978,
    "route_short_name": "31B",
    "route_long_name": "DART Station - Abbey Theatre",
    "route_type": 3
  },
  {
    "route_id": "0-32-b12-1",
    "agency_id": 978,
    "route_short_name": 32,
    "route_long_name": "St. James's Terrace - Abbey Theatre",
    "route_type": 3
  },
  {
    "route_id": "0-32X-b12-1",
    "agency_id": 978,
    "route_short_name": "32X",
    "route_long_name": "Millview Road - University College Dublin",
    "route_type": 3
  },
  {
    "route_id": "0-33-b12-1",
    "agency_id": 978,
    "route_short_name": 33,
    "route_long_name": "St. Paul's Crescent - Irish Life Mall",
    "route_type": 3
  },
  {
    "route_id": "0-332-b12-1",
    "agency_id": 978,
    "route_short_name": 332,
    "route_long_name": "Donabate Station - Opposite the Burrow Estate",
    "route_type": 3
  },
  {
    "route_id": "0-33A-b12-1",
    "agency_id": 978,
    "route_short_name": "33A",
    "route_long_name": "St. Paul's Crescent - Cholaiste Choilm",
    "route_type": 3
  },
  {
    "route_id": "0-33B-b12-1",
    "agency_id": 978,
    "route_short_name": "33B",
    "route_long_name": "Opposite the Burrow Estate - Pavillions",
    "route_type": 3
  },
  {
    "route_id": "0-33X-b12-1",
    "agency_id": 978,
    "route_short_name": "33X",
    "route_long_name": "Barnageeragh Road - Huguenot Cemetery",
    "route_type": 3
  },
  {
    "route_id": "0-37-b12-1",
    "agency_id": 978,
    "route_short_name": 37,
    "route_long_name": "Blanchardstown - Mespil Road",
    "route_type": 3
  },
  {
    "route_id": "0-38-b12-1",
    "agency_id": 978,
    "route_short_name": 38,
    "route_long_name": "I.B.M. - Mespil Road",
    "route_type": 3
  },
  {
    "route_id": "0-38A-b12-1",
    "agency_id": 978,
    "route_short_name": "38A",
    "route_long_name": "I.B.M. - Mespil Road",
    "route_type": 3
  },
  {
    "route_id": "0-38B-b12-1",
    "agency_id": 978,
    "route_short_name": "38B",
    "route_long_name": "I.B.M. - Mespil Road",
    "route_type": 3
  },
  {
    "route_id": "0-39-b12-1",
    "agency_id": 978,
    "route_short_name": 39,
    "route_long_name": "Hansfield Road - Mespil Road",
    "route_type": 3
  },
  {
    "route_id": "0-39A-b12-1",
    "agency_id": 978,
    "route_short_name": "39A",
    "route_long_name": "Hansfield Road - University College Dublin",
    "route_type": 3
  },
  {
    "route_id": "0-4-b12-1",
    "agency_id": 978,
    "route_short_name": 4,
    "route_long_name": "Richmond Grove - Bus Garage",
    "route_type": 3
  },
  {
    "route_id": "0-40-b12-1",
    "agency_id": 978,
    "route_short_name": 40,
    "route_long_name": "Liffey Valley Shop Cen - Seamus Ennis Rd",
    "route_type": 3
  },
  {
    "route_id": "0-40B-b12-1",
    "agency_id": 978,
    "route_short_name": "40B",
    "route_long_name": "River Meade Avenue - Cumberland Street",
    "route_type": 3
  },
  {
    "route_id": "0-40D-b12-1",
    "agency_id": 978,
    "route_short_name": "40D",
    "route_long_name": "Carlton Hotel - Cumberland Street",
    "route_type": 3
  },
  {
    "route_id": "0-41-b12-1",
    "agency_id": 978,
    "route_short_name": 41,
    "route_long_name": "Abbeyvale - Irish Life Mall",
    "route_type": 3
  },
  {
    "route_id": "0-41A-b12-1",
    "agency_id": 978,
    "route_short_name": "41A",
    "route_long_name": "Abbeyvale - Irish Life Mall",
    "route_type": 3
  },
  {
    "route_id": "0-41B-b12-1",
    "agency_id": 978,
    "route_short_name": "41B",
    "route_long_name": "Cemetery - Irish Life Mall",
    "route_type": 3
  },
  {
    "route_id": "0-41C-b12-1",
    "agency_id": 978,
    "route_short_name": "41C",
    "route_long_name": "Abbeyvale - Irish Life Mall",
    "route_type": 3
  },
  {
    "route_id": "0-41X-b12-1",
    "agency_id": 978,
    "route_short_name": "41X",
    "route_long_name": "Abbeyvale - University College Dublin",
    "route_type": 3
  },
  {
    "route_id": "0-42-b12-1",
    "agency_id": 978,
    "route_short_name": 42,
    "route_long_name": "Wendell Avenue - Abbey Theatre",
    "route_type": 3
  },
  {
    "route_id": "0-43-b12-1",
    "agency_id": 978,
    "route_short_name": 43,
    "route_long_name": "Applewood Avenue - Abbey Theatre",
    "route_type": 3
  },
  {
    "route_id": "0-44-b12-1",
    "agency_id": 978,
    "route_short_name": 44,
    "route_long_name": "Town Hall - Glentow Road",
    "route_type": 3
  },
  {
    "route_id": "0-44B-b12-1",
    "agency_id": 978,
    "route_short_name": "44B",
    "route_long_name": "Hill View - Luas Station",
    "route_type": 3
  },
  {
    "route_id": "0-45A-b12-1",
    "agency_id": 978,
    "route_short_name": "45A",
    "route_long_name": "Rock Valley - Train Station",
    "route_type": 3
  },
  {
    "route_id": "0-46A-b12-1",
    "agency_id": 978,
    "route_short_name": "46A",
    "route_long_name": "Train Station - Phoenix Pk Gate",
    "route_type": 3
  },
  {
    "route_id": "0-46E-b12-1",
    "agency_id": 978,
    "route_short_name": "46E",
    "route_long_name": "Train Station - Mountjoy Sq Nth",
    "route_type": 3
  },
  {
    "route_id": "0-47-b12-1",
    "agency_id": 978,
    "route_short_name": 47,
    "route_long_name": "Belarmine Plaza - Central Bank",
    "route_type": 3
  },
  {
    "route_id": "0-49-b12-1",
    "agency_id": 978,
    "route_short_name": 49,
    "route_long_name": "Cloonmore Drive - Grand Canal Quay",
    "route_type": 3
  },
  {
    "route_id": "0-51D-b12-1",
    "agency_id": 978,
    "route_short_name": "51D",
    "route_long_name": "Laurel Park - Pembroke Lane",
    "route_type": 3
  },
  {
    "route_id": "0-51X-b12-1",
    "agency_id": 978,
    "route_short_name": "51X",
    "route_long_name": "Dunawley - University College Dublin",
    "route_type": 3
  },
  {
    "route_id": "0-53-b12-1",
    "agency_id": 978,
    "route_short_name": 53,
    "route_long_name": "Alexandra Road Irish Ferries Terminal - Gardiner Street",
    "route_type": 3
  },
  {
    "route_id": "0-54A-b12-1",
    "agency_id": 978,
    "route_short_name": "54A",
    "route_long_name": "Marlfield - Grand Canal Quay",
    "route_type": 3
  },
  {
    "route_id": "0-56A-b12-1",
    "agency_id": 978,
    "route_short_name": "56A",
    "route_long_name": "The Square - Barrow Street",
    "route_type": 3
  },
  {
    "route_id": "0-59-b12-1",
    "agency_id": 978,
    "route_short_name": 59,
    "route_long_name": "Mackintosh Park - Train Station",
    "route_type": 3
  },
  {
    "route_id": "0-61-b12-1",
    "agency_id": 978,
    "route_short_name": 61,
    "route_long_name": "Rockbrook Park School - Hawkins Street",
    "route_type": 3
  },
  {
    "route_id": "0-63-b12-1",
    "agency_id": 978,
    "route_short_name": 63,
    "route_long_name": "Ballycorus Rd - Train Station",
    "route_type": 3
  },
  {
    "route_id": "0-65-b12-1",
    "agency_id": 978,
    "route_short_name": 65,
    "route_long_name": "Valleymount Road - Hawkin House",
    "route_type": 3
  },
  {
    "route_id": "0-65B-b12-1",
    "agency_id": 978,
    "route_short_name": "65B",
    "route_long_name": "Bianconi Avenue - Hawkin House",
    "route_type": 3
  },
  {
    "route_id": "0-66-b12-1",
    "agency_id": 978,
    "route_short_name": 66,
    "route_long_name": "Kingsbury - Junction Merrion Square West",
    "route_type": 3
  },
  {
    "route_id": "0-66A-b12-1",
    "agency_id": 978,
    "route_short_name": "66A",
    "route_long_name": "River Forest - Junction Merrion Square West",
    "route_type": 3
  },
  {
    "route_id": "0-66B-b12-1",
    "agency_id": 978,
    "route_short_name": "66B",
    "route_long_name": "Alensgrove - Junction Merrion Square West",
    "route_type": 3
  },
  {
    "route_id": "0-66X-b12-1",
    "agency_id": 978,
    "route_short_name": "66X",
    "route_long_name": "Kingsbury - University College Dublin",
    "route_type": 3
  },
  {
    "route_id": "0-67-b12-1",
    "agency_id": 978,
    "route_short_name": 67,
    "route_long_name": "Maynooth Station - Junction Merrion Square West",
    "route_type": 3
  },
  {
    "route_id": "0-67X-b12-1",
    "agency_id": 978,
    "route_short_name": "67X",
    "route_long_name": "Salesian College - University College Dublin",
    "route_type": 3
  },
  {
    "route_id": "0-68-b12-1",
    "agency_id": 978,
    "route_short_name": 68,
    "route_long_name": "Business Park - Hawkin House",
    "route_type": 3
  },
  {
    "route_id": "0-68A-b12-1",
    "agency_id": 978,
    "route_short_name": "68A",
    "route_long_name": "Luby Road - Hawkin House",
    "route_type": 3
  },
  {
    "route_id": "0-69-b12-1",
    "agency_id": 978,
    "route_short_name": 69,
    "route_long_name": "Community School - Hawkin House",
    "route_type": 3
  },
  {
    "route_id": "0-69X-b12-1",
    "agency_id": 978,
    "route_short_name": "69X",
    "route_long_name": "Community School - Hawkin House",
    "route_type": 3
  },
  {
    "route_id": "0-7-b12-1",
    "agency_id": 978,
    "route_short_name": 7,
    "route_long_name": "Loughlinstown Wood - Mountjoy Sq Nth",
    "route_type": 3
  },
  {
    "route_id": "0-70-b12-1",
    "agency_id": 978,
    "route_short_name": 70,
    "route_long_name": "Navan Road - Mespil Road",
    "route_type": 3
  },
  {
    "route_id": "0-747-b12-1",
    "agency_id": 978,
    "route_short_name": 747,
    "route_long_name": "Bus Interchange - Heuston Station",
    "route_type": 3
  },
  {
    "route_id": "0-75-b12-1",
    "agency_id": 978,
    "route_short_name": 75,
    "route_long_name": "Train Station - The Square",
    "route_type": 3
  },
  {
    "route_id": "0-76-b12-1",
    "agency_id": 978,
    "route_short_name": 76,
    "route_long_name": "The Square - Glenaulin",
    "route_type": 3
  },
  {
    "route_id": "0-76A-b12-1",
    "agency_id": 978,
    "route_short_name": "76A",
    "route_long_name": "The Square - Blanchardstown",
    "route_type": 3
  },
  {
    "route_id": "0-77A-b12-1",
    "agency_id": 978,
    "route_short_name": "77A",
    "route_long_name": "Bianconi Avenue - Barrow Street",
    "route_type": 3
  },
  {
    "route_id": "0-79-b12-1",
    "agency_id": 978,
    "route_short_name": 79,
    "route_long_name": "Spiddal Park - Aston Place",
    "route_type": 3
  },
  {
    "route_id": "0-79A-b12-1",
    "agency_id": 978,
    "route_short_name": "79A",
    "route_long_name": "Park West Road - Aston Place",
    "route_type": 3
  },
  {
    "route_id": "0-7B-b12-1",
    "agency_id": 978,
    "route_short_name": "7B",
    "route_long_name": "Shanganagh Road - Mountjoy Sq Nth",
    "route_type": 3
  },
  {
    "route_id": "0-7D-b12-1",
    "agency_id": 978,
    "route_short_name": "7D",
    "route_long_name": "Church Road - Mountjoy Sq Nth",
    "route_type": 3
  },
  {
    "route_id": "0-8-b12-1",
    "agency_id": 978,
    "route_short_name": 8,
    "route_long_name": "Church Road - Mountjoy Sq Nth",
    "route_type": 3
  },
  {
    "route_id": "0-83-b12-1",
    "agency_id": 978,
    "route_short_name": 83,
    "route_long_name": "Stannaway Court - Bus Garage",
    "route_type": 3
  },
  {
    "route_id": "0-83A-b12-1",
    "agency_id": 978,
    "route_short_name": "83A",
    "route_long_name": "Stannaway Court - Bus Garage",
    "route_type": 3
  },
  {
    "route_id": "0-84-b12-1",
    "agency_id": 978,
    "route_short_name": 84,
    "route_long_name": "Sea Road - Frascati Road",
    "route_type": 3
  },
  {
    "route_id": "0-84A-b12-1",
    "agency_id": 978,
    "route_short_name": "84A",
    "route_long_name": "Rail Station - RDS",
    "route_type": 3
  },
  {
    "route_id": "0-84X-b12-1",
    "agency_id": 978,
    "route_short_name": "84X",
    "route_long_name": "Sea Road - Fleet Street",
    "route_type": 3
  },
  {
    "route_id": "0-86-b12-1",
    "agency_id": 978,
    "route_short_name": 86,
    "route_long_name": "Cholaiste Mhuire - Rochestown Avenue Opposite Granitefield",
    "route_type": 3
  },
  {
    "route_id": "0-9-b12-1",
    "agency_id": 978,
    "route_short_name": 9,
    "route_long_name": "Greenhills College - Lanesborough",
    "route_type": 3
  }
]}